xG,xGA,Poss,Touches,Press,Tkl,Int,Blocks,xG_Expected,npxG_Expected,xA_Expected,Att_Passes,Cmp_percent_Passes,Prog_Passes,Prog_Carries,Succ_Dribbles,Att_Dribbles,Cmp_percent_Total,TotDist_Total,PrgDist_Total,Att_Short,Cmp_percent_Short,Att_Medium,Cmp_percent_Medium,Att_Long,Cmp_percent_Long,PPA,CrsPA,Live_Pass_Types,Dead_Pass_Types,FK_Pass_Types,TB_Pass_Types,Press_Pass_Types,Sw_Pass_Types,Crs_Pass_Types,CK_Pass_Types,Int_Outcomes,Blocks_Outcomes,Tkl_Tackles,TklW_Tackles,Def.3rd_Tackles,Mid.3rd_Tackles,Att.3rd_Tackles,Att_Vs_Dribbles,Tkl_percent_Vs_Dribbles,Past_Vs_Dribbles,Press_Pressures,Succ_Pressures,Def.3rd_Pressures,Mid.3rd_Pressures,Att.3rd_Pressures,Sh_Blocks,ShSv_Blocks,Pass_Blocks,Tkl.Int,Clr,Err,Touches_Touches,Def.Pen_Touches,Def.3rd_Touches,Mid.3rd_Touches,Att.3rd_Touches,Att.Pen_Touches,Succ_percent_Dribbles,PrgDist_Carries,Final_Third_Carries,CPA_Carries,Mis_Carries,Dis_Carries,Fls,Fld,Off,Crs,TklW,PKwon,PKcon,Won_percent_Aerial_Duels,Recov,Saves_Shot_Stopping,SoTA_Shot_Stopping,Att_Goal_Kicks,Save_percent_Shot_Stopping,Stp_percent_Crosses,SoT,GCA_SCA,Prog,TotDist_Carries,PSxG_Shot_Stopping,Opp_Crosses,AvgDist_Sweeper,Player_NumOPA_Sweeper,formation_class,win_nowin
1.3,0.8,63,668,97,13,9,8,1.3,1.3,1.1,569,81.9,36,82,10,13,81.9,9046,2581,220,90.5,211,87.7,117,63.2,6,1,529,40,11,1,43,14,14,8,12,11,13,8,6,5,2,9,44.4,5,97,40,28,44,25,2,0,6,22,20,0,668,55,211,303,207,24,76.9,1577,20,4,20,5,15,13,3,14,8,0,0,40.4,92,2,5,4,40.0,0.0,6,4,36,2658,1.2,6,27.8,3,343,0
0.8,0.6,32,449,144,31,5,23,0.8,0.8,0.7,309,68.0,17,25,12,21,68.0,4827,1981,82,79.3,119,80.7,98,46.9,7,2,274,35,13,2,55,13,10,3,0,9,31,20,18,11,2,34,38.2,21,144,49,77,56,11,6,0,17,36,41,1,449,83,225,166,85,15,57.1,703,6,1,7,12,22,16,0,10,20,0,0,55.3,92,5,5,9,80.0,16.7,2,3,17,1258,0.4,12,12.8,0,4231,1
1.1,0.6,56,738,146,14,5,10,1.1,1.1,0.9,630,83.8,43,67,17,31,83.8,10448,3143,221,88.7,267,89.1,125,67.2,8,1,583,47,8,0,106,12,13,6,8,8,14,7,5,5,4,14,35.7,9,146,38,30,73,43,3,0,7,19,24,0,738,70,223,373,188,27,54.8,1607,12,9,8,7,13,11,0,13,7,0,0,44.1,102,0,0,6,66.7,16.7,7,3,43,2822,0.0,6,17.2,1,343,1
1.5,1.6,58,693,130,26,17,16,1.5,1.5,1.4,557,81.9,55,62,12,21,81.9,9203,2724,192,87.5,239,89.1,104,66.3,15,2,510,47,11,2,98,23,12,9,23,15,26,15,11,13,2,22,59.1,9,130,54,53,54,23,2,0,14,43,24,0,693,61,231,327,187,27,57.1,1547,21,6,8,14,8,11,3,12,15,0,1,39.4,90,1,1,7,100.0,7.1,6,4,55,2407,1.0,14,12.7,0,343,1
0.8,1.4,52,700,189,18,16,18,0.8,0.8,0.7,575,76.9,38,45,5,19,76.9,9551,2775,166,77.7,248,86.7,135,63.7,6,1,517,58,17,1,93,17,13,5,15,18,18,14,9,6,3,7,57.1,3,189,60,77,80,32,4,0,14,34,21,1,700,72,243,339,158,18,26.3,1175,10,6,14,6,11,19,4,13,14,0,0,51.2,120,2,2,9,100.0,0.0,4,0,38,2313,0.1,6,5.0,0,343,0
1.4,0.6,56,708,175,29,7,24,1.4,1.4,1.1,580,83.6,25,28,15,20,83.6,9208,3397,228,87.7,250,91.6,84,58.3,9,0,549,31,5,2,77,5,4,0,17,8,29,19,21,7,1,26,46.2,14,175,58,81,65,29,4,0,20,36,24,0,708,82,290,329,133,16,75.0,1078,12,2,12,18,14,7,1,4,19,0,0,63.0,95,2,2,8,100.0,18.2,4,4,25,2091,0.1,11,11.0,0,343,1
0.3,1.1,39,556,114,22,18,14,0.3,0.3,0.3,442,77.4,24,32,6,11,77.4,6787,2448,157,87.3,176,87.5,89,52.8,5,1,389,53,13,0,38,18,10,4,25,12,22,17,14,6,2,10,40.0,6,114,34,46,55,13,6,1,8,40,22,1,556,86,246,230,107,13,54.5,905,9,1,13,15,9,16,8,10,17,0,0,40.0,70,4,5,9,80.0,0.0,2,0,24,1685,0.9,6,10.7,0,4231,0
1.0,1.5,57,759,200,33,11,12,1.0,1.0,0.7,622,79.3,46,61,13,28,79.3,10147,3335,204,88.2,259,81.1,130,70.8,6,1,573,49,7,0,60,22,12,8,29,16,33,13,16,14,3,31,41.9,18,200,63,82,79,39,4,0,8,44,16,0,759,82,269,354,203,16,46.4,1699,19,2,17,11,8,9,6,12,13,0,0,77.1,124,4,5,12,60.0,0.0,5,2,46,2841,1.0,5,20.0,1,343,0
1.5,2.2,52,628,139,23,13,21,1.5,1.5,0.4,493,79.9,34,57,10,15,79.9,7554,2668,195,87.2,187,85.6,100,57.0,6,1,448,45,19,2,107,12,15,6,19,8,23,16,10,10,3,13,61.5,5,139,47,56,56,27,5,0,16,36,28,0,628,68,208,314,148,18,66.7,1231,16,3,15,14,14,19,6,15,16,0,0,57.1,83,3,5,6,60.0,0.0,7,4,34,2165,1.3,12,14.0,0,343,1
1.9,0.7,57,799,157,22,18,10,1.9,1.9,1.8,691,85.8,52,63,3,5,85.8,11664,3382,266,94.4,266,88.7,133,69.9,19,4,658,33,5,1,81,22,15,5,28,4,22,15,12,8,2,20,60.0,8,157,57,56,71,30,3,0,7,40,17,0,799,72,251,365,232,37,60.0,1678,20,5,16,6,5,6,6,15,15,0,0,56.1,88,1,1,5,100.0,0.0,5,2,52,2825,0.1,4,10.3,0,343,1
1.4,0.8,54,636,127,15,21,11,1.4,1.4,0.5,512,76.4,38,52,10,19,76.4,7029,2725,222,87.4,165,80.6,97,51.5,7,3,453,59,21,1,88,19,12,4,19,11,15,5,5,8,2,12,41.7,7,127,35,57,55,15,6,0,5,36,25,0,636,50,184,300,185,28,52.6,1128,11,9,8,5,18,22,0,12,5,0,0,48.7,95,2,2,7,100.0,14.3,8,2,38,2043,0.5,7,9.3,0,352,1
2.4,0.7,62,770,106,14,11,8,2.5,2.5,1.9,643,86.9,50,57,8,19,86.9,10978,3537,238,91.6,274,93.1,115,70.4,9,3,602,41,16,4,71,25,11,4,14,15,14,7,10,1,3,11,54.5,5,106,32,39,35,32,0,0,8,25,24,1,770,75,265,365,187,26,42.1,1423,18,4,16,11,12,16,1,11,7,0,0,51.9,91,2,2,6,100.0,9.1,7,7,50,2516,0.1,11,6.0,0,4231,1
0.6,1.2,46,679,121,21,29,11,0.6,0.6,0.5,542,80.8,40,50,15,21,80.8,8720,3080,189,89.4,230,89.1,101,58.4,9,2,494,48,10,2,31,16,14,8,29,19,21,9,14,6,1,24,41.7,14,121,37,55,51,15,8,0,3,50,20,0,679,97,279,275,166,33,71.4,1323,13,3,15,15,11,12,5,14,9,0,0,59.1,89,2,3,9,66.7,0.0,3,2,40,2247,0.7,12,9.3,0,4231,0
1.6,0.0,60,784,154,22,8,12,1.7,1.7,1.0,666,81.8,52,80,11,17,81.8,10312,3052,277,91.0,247,84.2,117,68.4,14,1,615,51,7,0,50,31,26,15,10,17,22,14,11,10,1,16,62.5,6,154,62,35,82,37,1,0,11,30,12,0,784,27,163,406,267,36,64.7,1481,21,7,20,15,9,7,0,26,14,0,0,63.6,119,0,0,3,66.7,25.0,10,1,52,2543,0.0,4,12.3,1,343,1
3.5,0.5,65,904,143,18,18,11,3.5,2.7,2.0,774,86.6,65,81,20,23,86.6,13816,3923,217,90.8,397,91.4,129,76.7,22,3,725,49,13,3,147,17,22,11,25,17,18,13,9,8,1,12,25.0,9,143,54,40,71,32,4,0,7,36,25,1,904,48,245,470,256,46,87.0,1843,26,4,15,11,9,15,2,22,13,1,0,75.6,105,1,2,5,50.0,0.0,8,3,65,3035,0.3,2,12.6,0,4231,1
1.3,0.2,69,867,170,27,11,12,1.3,1.3,0.7,722,85.9,61,86,17,25,85.9,11727,3794,294,91.5,292,88.7,113,74.3,11,2,676,46,13,0,86,17,18,3,30,12,27,15,11,12,4,27,18.5,22,170,51,52,80,38,3,0,9,38,27,0,867,61,223,400,303,34,68.0,2026,20,5,13,16,14,13,2,18,15,0,0,60.0,101,1,2,5,50.0,0.0,2,0,61,3524,0.8,7,14.0,1,4231,0
1.8,0.4,64,906,64,9,13,6,1.8,1.8,1.5,819,89.9,60,67,11,17,89.9,14473,3749,292,91.4,396,93.4,114,79.8,15,4,777,42,13,3,50,31,16,3,12,7,9,5,3,5,1,9,11.1,8,64,28,11,35,18,1,0,5,22,14,0,906,55,218,521,226,28,64.7,1454,12,3,16,4,5,12,10,16,5,0,0,52.2,68,1,2,4,50.0,0.0,5,6,60,2663,1.2,7,16.0,0,343,1
1.4,0.6,54,729,129,11,14,16,1.5,1.5,1.1,595,84.5,45,76,17,26,84.5,9898,3105,216,86.1,255,91.8,107,73.8,13,3,537,58,17,0,67,13,8,8,16,14,11,8,4,5,2,5,40.0,3,129,34,40,59,30,2,0,14,25,22,0,729,55,181,321,277,36,65.4,1450,25,5,11,14,8,19,3,8,8,0,0,52.2,88,2,2,4,100.0,0.0,9,2,45,2491,0.2,4,18.1,0,343,1
1.8,0.3,68,853,111,17,4,12,1.9,1.9,0.6,749,81.2,56,96,8,19,81.2,11788,3367,283,86.2,314,86.9,130,64.6,12,0,698,51,9,0,77,27,25,7,14,17,17,12,8,8,1,14,71.4,4,111,58,35,44,32,4,0,8,21,13,0,853,56,232,375,320,48,42.1,2286,26,12,10,10,6,11,4,25,12,0,0,42.2,141,0,0,8,66.7,0.0,5,0,56,3592,0.0,4,10.8,0,343,0
2.2,0.3,66,829,100,13,9,14,2.3,2.3,2.1,731,86.7,72,80,21,23,86.7,12564,3610,252,86.5,355,92.1,113,74.3,15,2,693,38,8,5,86,19,13,13,10,8,13,10,6,5,2,12,41.7,7,100,42,24,50,26,4,0,10,22,12,0,829,39,144,432,295,35,91.3,1583,16,7,8,13,9,12,2,13,10,0,0,41.2,102,1,1,4,100.0,10.0,7,3,72,2797,0.0,10,14.2,1,4231,1
2.3,0.3,58,807,153,14,12,3,2.3,1.5,1.3,703,89.5,48,74,4,19,89.5,12420,3576,264,92.8,303,94.4,117,76.1,4,2,662,41,11,3,78,21,14,7,10,7,14,5,2,10,2,13,38.5,8,153,46,34,86,33,0,0,3,26,11,0,807,37,189,482,210,22,21.1,1676,21,10,13,10,4,11,3,14,5,1,0,61.9,85,1,1,3,100.0,50.0,11,6,48,2810,0.1,4,17.9,1,343,1
3.2,1.6,41,593,183,19,33,14,3.2,2.5,2.3,445,79.3,26,46,8,18,79.3,6715,2743,178,89.3,167,85.6,83,56.6,12,2,402,43,11,2,74,7,15,8,20,10,19,15,10,9,0,23,30.4,16,183,53,79,76,28,7,0,7,52,26,0,593,93,239,262,128,37,44.4,1159,14,10,9,11,14,13,3,15,15,1,0,43.3,87,3,6,12,66.7,0.0,5,3,26,2036,2.2,9,9.9,0,4231,0
0.6,1.1,55,668,179,21,10,14,0.6,0.6,0.4,552,79.5,56,72,15,19,79.5,8676,2822,190,87.9,228,86.4,113,60.2,10,1,497,55,15,2,52,18,16,6,7,11,21,14,9,8,4,37,24.3,28,179,51,72,74,33,7,0,7,31,15,1,668,74,234,282,204,32,78.9,1388,18,6,8,14,16,13,5,16,14,0,0,40.0,105,1,1,12,100.0,0.0,7,0,56,2486,0.5,4,12.5,0,4231,0
1.5,1.5,58,679,112,16,8,13,1.5,1.5,1.2,571,85.6,44,64,17,21,85.6,9560,2908,201,91.5,255,92.2,100,67.0,9,2,528,43,13,3,54,11,8,3,5,17,16,7,8,8,0,9,33.3,6,112,27,32,56,24,3,0,10,24,18,1,679,92,260,327,145,24,81.0,1471,22,8,12,11,6,13,0,8,7,0,0,41.4,75,3,3,6,100.0,5.9,10,7,44,2402,1.2,17,17.6,1,343,1
1.3,1.4,64,792,117,16,7,11,1.3,1.3,1.1,674,83.2,48,58,15,22,83.2,10882,3506,244,91.8,281,86.5,128,65.6,15,6,617,57,12,1,73,20,15,8,10,11,16,10,7,7,2,12,33.3,8,117,50,35,60,22,5,0,6,23,20,0,792,60,209,414,216,28,68.2,1198,17,5,15,14,5,15,4,15,10,0,0,58.5,107,2,5,5,40.0,0.0,6,0,48,2854,1.8,0,15.9,2,343,0
0.7,2.0,54,661,158,17,9,22,0.7,0.7,0.6,536,82.8,26,48,9,19,82.8,8619,2340,204,86.8,207,92.3,107,60.7,6,3,495,41,12,1,123,19,9,2,5,6,17,10,9,8,0,12,16.7,10,158,51,66,73,19,7,0,15,26,26,0,661,76,226,355,120,12,47.4,1247,5,3,9,12,8,13,1,9,10,0,1,45.5,86,4,7,10,57.1,12.5,3,2,26,2437,3.5,8,18.0,2,343,0
2.3,0.7,57,731,160,27,7,14,2.3,2.3,1.5,604,83.4,33,66,16,25,83.4,9431,3353,270,88.1,218,87.6,96,67.7,10,2,560,44,12,1,71,20,13,7,17,12,27,19,9,15,3,20,55.0,9,160,59,64,61,35,0,0,14,34,26,2,731,68,234,337,212,37,64.0,1470,21,11,13,11,12,13,2,13,19,0,0,51.9,96,1,1,12,100.0,0.0,7,4,33,2558,0.1,12,12.2,0,343,1
1.3,1.4,56,700,155,25,8,16,1.4,1.4,1.3,587,83.1,37,54,10,21,83.1,9190,2805,229,89.1,241,88.4,96,63.5,5,0,548,39,13,2,121,14,10,4,12,10,25,16,15,10,0,11,18.2,9,155,46,65,69,21,2,0,14,33,16,0,700,65,235,355,167,25,47.6,1667,15,10,12,8,16,16,6,10,16,0,0,41.7,99,3,5,5,60.0,25.0,6,2,37,2994,2.4,12,11.7,0,343,0
0.2,0.7,29,504,132,16,5,19,0.2,0.2,0.1,420,77.9,15,21,8,14,77.9,6448,2094,150,88.0,176,83.0,81,56.8,4,0,376,44,10,0,81,8,5,2,7,8,16,11,11,4,1,15,26.7,11,132,35,78,46,8,6,1,13,21,17,1,504,102,270,209,55,8,57.1,779,7,2,8,7,10,9,1,5,11,0,0,71.4,71,1,2,11,50.0,9.1,0,0,15,1510,0.8,11,8.8,0,343,0
3.4,1.1,62,784,128,19,15,12,3.5,3.5,2.6,646,85.6,52,82,12,22,85.6,11148,3124,243,93.8,264,90.5,117,70.9,21,5,587,59,10,1,94,22,22,11,11,18,19,9,11,6,2,15,46.7,8,128,36,57,47,24,4,0,8,34,23,0,784,73,218,323,294,47,54.5,1648,23,5,16,12,10,9,2,22,9,0,0,61.0,91,1,2,13,50.0,0.0,8,2,52,2746,0.3,9,6.7,0,343,1
1.2,1.1,48,657,103,26,20,6,1.2,1.2,1.0,529,77.5,32,52,12,16,77.5,8533,2875,182,82.4,216,83.3,104,66.3,13,3,477,52,14,1,29,21,17,5,18,20,26,18,10,11,5,9,22.2,7,103,30,29,58,16,2,0,4,46,25,0,657,59,222,316,160,31,75.0,1101,14,6,18,15,9,15,4,17,18,0,0,52.0,94,4,7,8,57.1,0.0,4,2,32,1985,2.5,6,15.8,0,343,0
2.2,0.4,59,764,143,16,16,18,2.2,2.2,2.2,634,84.7,59,78,11,17,84.7,10132,3685,237,88.2,283,89.4,91,68.1,15,4,588,46,12,1,62,13,19,10,22,9,16,15,6,9,1,12,16.7,10,143,49,44,65,34,4,0,14,32,19,0,764,51,194,361,262,55,64.7,1653,22,10,17,12,9,12,2,19,15,0,0,75.0,98,1,2,3,50.0,0.0,6,2,59,2626,0.8,7,15.9,1,343,0
1.0,1.3,58,702,158,13,19,15,1.0,1.0,0.8,587,79.7,44,63,12,16,79.7,8828,2804,217,87.6,259,84.9,89,58.4,8,2,531,56,14,0,115,13,17,7,19,16,13,6,8,3,2,7,42.9,4,158,42,60,63,35,1,0,14,32,11,0,702,55,219,288,230,22,75.0,1346,17,5,16,8,15,14,2,17,6,0,0,67.5,106,5,7,4,71.4,22.2,5,4,44,2422,2.1,9,9.8,0,343,1
1.7,0.4,61,770,132,10,14,14,1.7,1.7,1.5,651,84.2,49,63,13,22,84.2,10354,3286,252,89.7,262,88.5,114,67.5,17,2,611,40,11,5,70,10,13,2,11,12,10,6,6,3,1,10,30.0,7,132,37,39,74,19,0,0,14,24,33,0,770,69,308,348,170,36,59.1,1623,19,9,17,4,11,10,1,13,6,0,0,57.6,96,1,2,4,50.0,0.0,5,2,49,2890,1.0,5,14.3,1,352,1
1.8,0.8,50,725,115,15,20,17,1.9,1.9,1.3,613,85.5,38,55,8,17,85.5,9923,3109,228,87.7,268,92.2,93,71.0,11,1,572,41,14,0,57,5,10,2,23,9,15,11,8,5,2,13,69.2,4,115,37,48,47,20,3,0,14,35,20,0,725,84,280,356,150,32,47.1,1540,18,6,7,14,11,14,3,10,11,0,0,58.8,71,3,3,4,100.0,6.3,3,2,38,2557,0.1,16,12.2,0,4231,1
0.5,0.9,34,516,160,17,22,14,0.5,0.5,0.5,408,72.8,26,40,6,7,72.8,5701,2343,140,86.4,143,81.1,98,45.9,9,3,364,44,9,0,88,11,12,3,9,8,17,12,10,6,1,13,38.5,8,160,37,71,70,19,1,0,13,39,19,0,516,72,217,212,116,21,85.7,903,11,6,8,11,14,9,2,12,12,0,0,49.0,67,6,6,11,100.0,13.3,4,2,26,1711,0.5,15,8.7,0,4231,1
2.0,0.5,78,1015,130,18,12,8,2.1,2.1,0.8,880,85.7,98,113,14,25,85.7,14622,4709,306,87.9,352,92.3,156,76.9,26,2,826,54,12,1,93,27,21,9,27,17,18,14,6,6,6,9,66.7,3,130,70,20,54,56,0,0,8,30,13,0,1015,32,169,503,414,78,56.0,2017,31,11,27,18,8,11,3,21,14,0,0,41.9,146,1,2,1,50.0,0.0,5,0,98,3789,0.7,1,36.8,4,343,0
0.9,2.3,57,724,146,17,20,11,0.9,0.9,0.7,601,84.7,32,62,14,24,84.7,9498,2817,243,89.7,254,89.0,80,70.0,8,2,557,44,11,0,51,15,11,2,26,14,17,5,9,4,4,15,60.0,6,146,41,57,55,34,5,0,6,37,35,0,724,71,239,327,212,15,58.3,1515,17,2,10,13,10,13,2,11,5,0,0,72.5,79,4,7,7,57.1,0.0,2,0,32,2976,2.6,11,13.4,1,4231,0
2.0,0.3,63,818,122,15,6,11,2.0,1.2,0.9,698,87.2,42,53,22,28,87.2,11468,3492,284,90.5,289,92.0,108,72.2,6,2,648,50,8,1,94,16,6,5,21,8,15,8,8,7,0,15,60.0,6,122,35,38,60,24,1,0,10,21,22,0,818,78,235,431,207,22,78.6,1447,24,7,15,27,13,13,1,6,8,1,0,41.0,86,2,2,6,100.0,5.9,3,6,42,2593,0.4,17,19.3,1,433,1
2.6,2.1,62,845,103,12,10,12,2.6,2.6,2.4,748,87.4,46,76,11,15,87.4,11813,3411,327,93.3,288,89.2,115,71.3,9,3,698,50,11,4,104,19,17,5,18,9,12,8,5,6,1,13,38.5,8,103,31,22,43,38,3,0,9,22,15,0,845,56,217,460,223,26,73.3,1617,18,9,7,12,12,12,3,17,8,0,0,66.7,81,4,6,10,66.7,0.0,11,6,46,3127,1.7,7,4.0,0,433,1
1.5,0.2,80,1062,89,14,8,10,1.5,0.7,0.6,952,90.3,52,98,16,17,90.3,13246,3368,519,94.2,316,90.8,75,74.7,14,0,902,50,17,1,140,13,16,5,25,14,14,11,6,3,5,9,55.6,4,89,39,27,33,29,3,0,7,22,28,0,1062,50,191,435,496,37,94.1,1905,33,2,7,15,10,19,2,16,11,1,0,53.6,84,1,2,6,50.0,0.0,2,2,52,3550,0.3,8,26.0,1,433,1
1.2,0.8,71,866,168,13,17,10,1.2,1.2,0.9,736,86.8,51,73,17,21,86.8,11962,3551,296,92.6,315,91.1,110,65.5,15,1,690,46,6,0,80,12,20,7,24,10,13,5,9,4,0,17,58.8,7,168,55,62,64,42,1,0,9,30,31,0,866,64,232,413,280,43,81.0,1733,21,12,15,12,10,8,2,20,5,0,0,60.0,97,1,1,13,100.0,0.0,6,4,51,2953,0.0,7,14.5,0,433,1
2.5,0.6,76,909,117,11,16,11,2.5,1.8,1.5,790,88.4,62,84,7,12,88.4,12773,3649,350,92.0,291,91.8,114,76.3,11,2,752,38,8,2,87,25,8,5,34,6,11,10,4,6,1,11,18.2,9,117,43,35,48,34,0,0,11,27,28,0,909,64,212,506,260,28,58.3,2027,22,9,15,11,9,13,0,8,10,1,0,30.2,92,1,2,8,50.0,25.0,6,6,62,3359,0.9,4,14.6,0,433,1
1.4,0.7,71,903,107,10,20,10,1.4,1.4,0.8,806,86.1,77,89,17,27,86.1,12864,4125,329,93.0,346,87.3,108,74.1,16,4,754,52,11,1,95,18,18,8,21,19,10,6,3,3,4,11,9.1,10,107,32,25,49,33,1,0,9,30,10,0,903,45,145,498,321,34,63.0,1807,27,7,7,11,9,13,3,18,6,0,0,55.0,94,1,1,10,100.0,12.5,7,0,77,2815,0.2,8,14.0,0,433,0
1.8,1.5,47,702,175,12,30,16,1.8,1.8,1.6,589,83.2,20,30,5,10,83.2,9115,3259,245,88.6,245,85.3,82,67.1,3,1,544,45,11,3,97,11,7,4,21,11,12,7,8,4,0,9,33.3,6,175,46,71,78,26,4,2,12,42,18,0,702,84,322,288,127,17,50.0,969,7,6,14,9,10,10,2,7,7,0,0,55.6,67,3,4,13,75.0,7.7,4,2,20,2053,1.1,13,12.4,0,433,0
2.6,1.4,64,817,158,10,13,13,2.7,2.7,1.6,699,87.3,60,65,8,13,87.3,11098,3709,307,92.2,274,90.9,100,73.0,19,0,640,59,13,2,81,14,12,12,23,11,10,6,1,6,3,12,66.7,4,158,37,51,68,39,3,0,10,23,12,0,817,51,162,403,296,49,61.5,1232,19,6,12,21,11,16,0,12,6,0,0,55.2,77,5,6,8,100.0,0.0,6,5,60,2328,0.5,5,22.5,1,433,1
1.9,0.6,62,785,142,16,27,10,2.2,2.2,1.0,656,85.8,46,70,11,20,85.8,9701,3340,298,91.6,240,91.7,96,60.4,10,2,603,53,17,0,110,11,13,5,14,8,16,7,9,7,0,16,12.5,14,142,46,39,73,30,0,0,10,43,11,0,785,80,223,379,242,38,55.0,1800,21,9,9,19,11,19,2,13,7,0,0,46.4,69,2,4,5,50.0,50.0,6,2,46,2998,1.3,2,14.5,1,433,0
2.7,0.5,69,912,94,13,10,9,2.7,2.7,2.1,814,90.2,29,44,9,17,90.2,12640,3940,392,94.6,312,92.6,92,69.6,8,2,767,47,19,3,96,18,4,4,20,11,13,6,7,5,1,9,55.6,4,94,22,25,47,22,3,0,6,23,18,0,912,62,282,517,160,26,52.9,1384,19,7,6,2,9,15,0,4,6,0,0,54.8,76,1,1,6,100.0,0.0,8,7,29,3038,0.0,11,85.0,1,433,1
1.8,0.6,72,1007,130,18,9,7,1.8,1.8,1.8,919,90.0,41,102,10,18,90.0,15666,4230,369,91.3,390,93.3,142,81.0,11,2,873,46,14,2,65,30,14,4,15,15,18,16,8,8,2,16,25.0,12,130,57,34,68,28,3,0,4,27,8,0,1007,66,240,552,277,25,55.6,1912,30,2,13,17,6,18,6,14,16,0,0,50.0,88,1,2,4,50.0,0.0,6,5,41,3481,0.5,5,19.0,2,433,1
1.0,0.5,68,834,93,20,12,11,1.0,1.0,0.8,735,86.0,64,62,7,12,86.0,11333,3397,326,92.0,274,91.2,114,61.4,9,1,680,55,16,2,82,20,14,5,19,6,20,15,5,10,5,16,50.0,8,93,40,23,41,29,2,0,9,32,6,0,834,52,204,484,201,19,58.3,1873,9,1,16,10,10,14,5,14,15,0,0,45.5,84,1,1,10,100.0,0.0,3,0,64,3128,0.1,3,16.8,0,433,0
0.8,2.5,60,706,105,17,21,12,0.8,0.8,0.5,581,83.3,44,57,8,12,83.3,9171,3459,241,87.1,211,85.8,107,72.9,14,5,523,58,21,0,57,22,16,4,19,8,17,13,8,7,2,16,25.0,12,105,33,42,35,28,4,0,8,38,10,0,706,56,206,377,185,31,66.7,1321,20,3,22,19,13,19,5,16,13,0,0,54.8,92,6,9,9,66.7,0.0,2,2,44,2456,2.8,9,13.7,0,433,0
1.8,0.3,65,869,111,17,16,11,1.8,1.8,1.2,747,88.1,53,70,8,18,88.1,12338,3450,333,93.7,279,87.1,120,78.3,8,0,696,51,15,0,90,31,14,4,16,7,17,8,6,5,6,12,58.3,5,111,23,27,50,34,1,0,10,33,24,0,869,80,278,460,194,23,44.4,1873,21,3,13,14,9,18,0,14,8,0,0,62.5,82,4,4,9,100.0,0.0,9,4,53,3103,0.3,7,17.5,0,433,1
1.3,1.1,69,834,143,12,10,8,1.3,1.3,1.1,720,86.5,53,64,8,15,86.5,11772,3531,259,90.3,343,89.8,100,73.0,8,2,662,58,20,3,63,14,11,5,17,13,12,10,8,4,0,9,11.1,8,143,48,38,65,40,1,0,7,22,15,1,834,56,233,453,206,22,53.3,1657,18,7,11,12,11,21,0,11,10,0,0,50.0,95,0,2,6,0.0,11.1,3,2,53,3011,1.1,9,20.8,1,4141,0
0.6,1.3,39,569,173,22,18,16,0.6,0.6,0.6,450,82.4,22,23,13,16,82.4,7129,2375,176,88.6,182,86.3,78,64.1,8,2,408,42,12,2,109,11,6,1,11,8,22,10,19,3,0,26,30.8,18,173,34,74,71,28,5,1,11,40,21,0,569,96,302,236,67,16,81.3,697,7,1,8,17,14,13,1,6,10,0,0,80.0,70,4,4,6,100.0,0.0,5,4,22,1589,1.3,12,11.7,0,4312,1
1.6,0.4,57,775,131,12,12,19,1.6,1.6,1.4,664,86.1,28,54,4,11,86.1,9761,2636,309,90.3,235,89.8,92,70.7,4,0,624,40,16,0,106,15,4,1,7,14,12,6,5,5,2,11,27.3,8,131,36,28,79,24,1,0,18,24,19,0,775,52,205,445,180,20,36.4,1617,15,5,9,15,8,16,4,4,6,0,0,35.3,96,1,2,6,50.0,25.0,3,3,28,2579,0.6,4,13.4,2,4141,1
1.6,0.7,72,881,205,24,5,15,1.6,1.6,1.3,759,84.2,64,99,12,23,84.2,11491,3653,328,89.6,292,86.0,113,71.7,11,2,712,47,11,5,103,21,16,9,16,23,24,16,15,7,2,29,44.8,16,205,63,87,63,55,3,1,12,29,11,1,881,57,199,405,336,33,52.2,2043,30,6,11,14,11,10,3,16,16,0,0,46.2,118,2,3,5,66.7,0.0,5,0,64,3026,0.5,9,20.7,2,4141,0
2.4,1.0,63,864,139,20,12,14,2.4,1.6,1.6,741,88.1,47,65,16,18,88.1,11467,3409,334,92.2,280,91.8,99,73.7,11,1,701,40,14,0,155,19,11,4,14,8,20,13,10,6,4,20,40.0,12,139,36,54,62,23,4,0,10,32,17,0,864,64,232,422,258,28,88.9,1609,13,9,15,23,5,17,2,11,13,1,0,44.7,94,1,2,7,50.0,0.0,2,4,47,2866,0.9,6,9.2,0,433,1
0.7,0.4,65,918,161,10,18,13,0.7,0.7,0.6,807,87.2,56,93,8,10,87.2,12209,3654,381,91.1,302,89.1,103,73.8,8,1,765,42,13,0,109,16,12,4,22,11,10,6,7,0,3,9,33.3,6,161,51,43,64,54,2,0,11,28,23,0,918,54,178,500,306,23,80.0,1969,20,4,11,14,10,11,3,12,6,0,0,45.8,97,0,0,6,66.7,0.0,5,2,56,3045,0.0,4,19.0,1,433,1
1.1,0.2,71,926,128,19,11,13,1.1,1.1,1.0,788,83.9,65,77,22,30,83.9,12243,3784,319,87.5,320,89.7,120,69.2,11,1,731,57,12,3,116,16,15,7,34,18,19,12,8,9,2,15,53.3,7,128,43,38,55,35,1,0,12,30,23,1,926,69,262,453,280,28,73.3,1802,17,7,16,25,9,14,5,15,12,0,0,48.4,129,2,2,9,100.0,0.0,6,0,65,3238,0.3,5,18.0,1,433,0
1.7,0.6,65,861,177,20,9,8,1.7,1.7,1.6,733,85.4,53,66,18,25,85.4,11748,3434,293,87.4,323,88.9,102,77.5,15,1,682,51,13,3,81,18,4,8,20,18,20,12,8,10,2,12,50.0,6,177,67,44,92,41,1,0,7,29,32,0,861,61,227,472,220,27,72.0,1623,19,3,10,20,9,16,5,4,12,0,0,72.7,103,1,2,6,50.0,14.3,6,4,53,2853,0.4,7,14.8,0,433,1
0.7,1.6,63,812,116,16,13,15,0.7,0.7,0.7,681,85.8,47,73,6,18,85.8,11411,3424,266,90.2,256,87.9,130,76.2,18,4,627,54,14,1,103,32,27,6,14,10,16,9,7,7,2,13,23.1,10,116,54,37,44,35,3,0,12,29,16,0,812,63,212,363,298,41,33.3,1655,27,4,8,31,17,14,0,27,9,0,0,52.2,99,3,5,9,60.0,18.2,1,0,47,2757,1.6,11,15.0,1,433,0
0.7,1.7,68,869,190,15,6,15,0.7,0.7,0.7,775,86.7,62,74,11,14,86.7,12178,3337,334,92.2,301,91.7,120,65.8,18,2,733,42,7,0,116,22,23,7,4,15,15,10,3,11,1,13,46.2,7,190,52,45,66,79,3,0,12,21,11,0,869,48,206,372,364,37,78.6,1978,20,8,15,9,6,10,6,23,10,0,0,44.4,98,3,7,3,42.9,0.0,6,0,62,3494,2.6,4,20.5,1,4141,0
2.9,0.3,64,871,259,30,8,14,2.9,2.1,2.0,767,87.5,65,82,26,32,87.5,11763,4000,324,91.4,325,90.8,89,77.5,16,1,727,40,5,1,200,7,12,11,14,23,30,23,10,16,4,16,50.0,8,259,100,66,111,82,2,0,12,38,9,0,871,50,233,431,269,43,81.3,1868,25,10,8,14,10,10,2,12,23,1,0,58.3,93,2,2,5,100.0,14.3,6,10,65,3033,0.3,7,14.4,0,4141,1
0.9,3.1,44,652,251,25,5,13,0.9,0.9,0.7,560,87.7,36,57,8,9,87.7,9267,2430,223,91.0,227,93.0,92,76.1,14,2,524,36,10,0,159,18,7,2,9,10,25,19,15,9,1,14,35.7,9,251,49,77,107,67,1,0,12,30,11,1,652,71,216,306,177,31,88.9,1280,13,8,12,8,16,13,1,7,19,0,1,37.5,59,3,8,5,37.5,20.0,5,0,36,2608,4.2,5,11.7,0,4141,0
0.6,0.5,47,651,325,27,13,19,0.6,0.6,0.4,530,79.8,16,67,9,11,79.8,7830,2560,229,91.7,168,81.5,102,63.7,5,1,487,43,14,1,72,25,9,2,10,20,27,20,20,5,2,16,18.8,13,325,101,132,140,53,4,0,15,40,11,0,651,59,222,298,179,19,81.8,1258,23,5,13,22,8,14,1,9,20,0,0,50.0,101,0,0,8,66.7,33.3,1,2,16,2404,0.0,9,14.4,0,433,1
1.7,0.8,63,829,164,17,4,14,1.7,1.7,1.3,716,90.1,55,77,7,12,90.1,11918,3414,305,91.5,306,94.1,91,79.1,14,4,675,41,13,2,105,17,9,4,17,5,17,13,7,7,3,18,27.8,13,164,50,59,58,47,3,0,11,21,14,0,829,78,251,431,210,39,58.3,2033,19,13,12,11,10,11,0,9,13,0,0,75.0,80,4,5,7,80.0,25.0,7,4,55,3291,1.6,8,12.6,0,433,1
1.5,0.2,77,995,146,12,5,12,1.5,1.5,0.9,890,87.5,48,127,29,46,87.5,13394,3353,425,91.8,312,91.0,121,73.6,12,3,825,65,14,2,58,24,21,13,23,16,12,10,5,4,3,10,30.0,7,146,62,18,61,67,1,0,11,17,1,0,995,24,149,491,432,28,63.0,2338,37,5,8,16,8,17,1,21,10,0,0,22.7,107,0,1,2,0.0,0.0,5,2,48,4160,0.7,0,21.6,3,433,0
1.2,2.1,67,821,132,19,9,10,1.3,1.3,1.2,711,84.1,53,81,7,11,84.1,11562,3552,280,88.2,282,88.3,123,74.8,18,3,652,59,17,1,91,26,11,4,10,17,19,11,10,8,1,10,40.0,6,132,48,39,60,33,3,0,7,28,13,0,821,53,225,439,231,39,63.6,1968,18,6,11,14,10,20,3,11,11,0,1,60.0,100,4,6,6,66.7,0.0,5,0,53,3265,2.9,7,16.0,0,433,0
1.5,0.4,70,751,83,14,7,10,1.5,1.5,1.1,636,82.5,49,82,12,17,82.5,8859,3216,291,88.7,244,86.5,79,59.5,12,3,589,47,9,0,125,11,7,7,13,12,14,8,6,7,1,16,18.8,13,83,28,27,39,17,1,0,9,21,20,0,751,55,233,380,210,27,70.6,2127,29,3,9,21,14,14,1,7,8,0,0,54.3,115,2,3,9,66.7,33.3,3,3,49,3380,1.1,3,17.5,1,433,1
1.9,0.6,67,890,192,23,7,7,1.9,1.9,1.7,776,90.5,61,84,11,18,90.5,11998,3381,381,91.9,305,93.4,79,78.5,16,5,739,37,10,2,99,18,13,7,7,12,23,14,7,6,10,18,38.9,11,192,52,32,92,68,0,0,7,30,16,0,890,33,141,453,363,37,61.1,2103,23,4,17,10,5,10,0,13,14,0,0,55.2,86,1,1,5,100.0,0.0,4,6,61,3099,0.1,5,14.3,0,433,1
1.9,0.5,54,623,112,14,10,23,1.9,1.9,1.8,525,82.9,50,74,16,26,82.9,7532,2868,227,91.6,212,84.4,67,61.2,17,0,488,37,5,2,120,10,10,7,11,12,14,11,6,8,0,11,36.4,7,112,33,46,49,17,4,0,19,24,7,0,623,49,174,283,235,36,61.5,1851,27,9,8,8,9,8,3,10,11,0,0,55.6,81,2,2,8,100.0,0.0,7,3,50,2847,0.5,3,11.7,0,433,1
0.9,1.3,39,572,234,26,6,23,0.9,0.9,0.9,438,79.5,22,36,11,19,79.5,6154,2296,202,88.1,143,81.8,79,59.5,10,2,399,39,7,6,108,10,10,2,6,11,26,15,13,11,2,22,36.4,14,234,47,107,98,29,5,0,18,32,29,0,572,95,255,216,134,21,57.9,1120,12,8,12,20,11,6,2,10,15,0,0,42.9,86,5,7,10,71.4,0.0,3,0,22,1826,1.7,13,17.1,3,433,0
1.1,0.9,75,849,89,18,3,11,1.1,1.1,1.0,752,83.8,65,119,12,16,83.8,11251,3163,333,90.7,284,85.6,111,70.3,22,3,703,49,6,1,91,21,29,10,8,22,18,12,9,5,4,5,40.0,3,89,32,23,34,32,1,0,10,21,11,0,849,46,221,359,348,70,75.0,2585,24,21,14,9,9,6,1,29,12,0,0,52.9,113,0,2,5,0.0,33.3,7,4,65,3877,1.4,3,21.3,1,433,0
1.2,0.6,48,582,180,19,11,13,1.2,1.2,0.7,468,82.5,30,78,7,13,82.5,7561,2440,180,90.0,189,85.2,85,65.9,8,1,431,37,11,0,86,21,15,6,4,13,19,15,10,8,1,18,44.4,10,180,36,63,78,39,1,1,12,30,18,0,582,63,188,243,200,26,53.8,1480,29,9,10,11,15,10,5,15,15,0,0,42.9,81,3,4,5,75.0,16.7,3,1,30,2491,1.0,6,14.2,0,433,0
1.9,1.6,58,708,168,24,9,16,1.9,1.9,1.2,575,83.7,42,60,14,17,83.7,8112,2791,279,89.6,193,87.6,84,61.9,15,3,532,43,15,4,86,15,12,6,13,14,24,14,9,9,6,17,29.4,12,168,45,64,76,28,2,0,14,33,33,1,708,72,209,313,233,44,82.4,1507,22,9,12,11,9,18,1,12,14,0,0,58.6,94,2,3,12,100.0,0.0,9,5,42,2527,0.7,8,13.0,0,433,1
1.5,0.4,53,680,124,16,6,18,1.5,1.5,1.5,581,85.0,34,74,14,16,85.0,9171,2546,254,88.6,227,90.3,91,68.1,11,4,535,46,10,1,87,18,11,5,11,9,16,14,7,6,3,13,38.5,8,124,28,29,47,48,2,0,16,22,15,0,680,64,192,316,235,31,87.5,1697,23,9,10,15,10,14,2,11,14,0,0,55.6,78,3,3,8,100.0,11.1,4,0,34,2939,0.4,9,8.8,0,433,0
0.8,2.3,54,681,213,20,8,22,0.8,0.8,0.6,564,83.3,34,59,14,24,83.3,8722,2338,231,89.6,217,86.2,96,66.7,6,2,512,52,17,2,131,14,11,5,8,12,20,13,5,13,2,27,40.7,16,213,55,58,102,53,4,0,18,28,9,1,681,56,163,372,185,22,58.3,1163,20,7,12,12,16,18,0,11,13,0,1,29.4,91,1,4,2,25.0,0.0,7,0,34,2408,3.3,5,12.0,0,4231,0
1.4,0.8,50,621,171,24,7,12,1.4,1.4,0.9,476,78.6,28,47,13,37,78.6,7346,2403,168,86.9,185,83.8,98,61.2,8,3,421,55,15,0,122,16,11,4,10,16,24,17,13,8,3,20,15.0,17,171,62,54,70,47,1,0,11,31,29,0,621,67,205,288,176,21,35.1,1235,20,3,15,2,11,15,3,11,17,0,0,54.8,98,3,4,9,75.0,16.7,5,1,28,2095,1.0,6,15.5,2,4231,0
2.1,1.2,54,707,205,22,8,11,2.1,2.1,1.9,579,84.1,45,61,29,32,84.1,9587,2696,207,91.3,241,90.0,111,68.5,16,4,529,50,9,0,158,16,14,8,7,13,22,16,13,8,1,19,78.9,4,205,48,48,87,70,0,0,11,30,19,0,707,49,191,342,227,37,90.6,1339,19,5,14,21,8,10,0,14,16,0,0,57.7,96,3,5,3,60.0,0.0,8,6,45,2568,1.4,5,13.8,1,433,1
1.7,1.1,63,850,162,16,8,11,1.8,1.8,1.2,756,86.1,33,59,8,14,86.1,12851,3375,272,90.4,337,89.6,135,73.3,3,2,712,44,10,2,85,28,9,3,13,8,16,10,12,3,1,15,53.3,7,162,40,47,78,37,2,0,9,24,16,1,850,69,340,421,153,23,57.1,1614,15,5,7,10,6,12,2,9,10,0,0,41.7,93,1,2,8,0.0,0.0,5,1,33,3085,0.5,6,18.2,2,433,0
1.9,1.6,54,734,206,21,13,19,1.9,1.9,1.4,584,86.0,29,44,12,17,86.0,9881,3047,207,90.8,254,90.9,104,70.2,9,0,534,50,9,1,130,12,11,5,2,9,21,14,14,7,0,21,33.3,14,206,48,73,97,36,3,0,16,34,41,0,734,86,279,356,145,25,70.6,1243,12,4,17,16,14,9,1,11,14,0,0,58.8,78,3,4,7,50.0,0.0,6,4,29,2643,1.0,12,14.3,0,343,1
1.2,0.9,55,664,177,13,5,21,1.2,1.2,1.1,546,77.1,33,51,9,15,77.1,8583,2911,199,85.9,193,81.9,134,60.4,12,8,486,60,14,1,66,30,25,6,6,11,13,9,9,4,0,12,0.0,12,177,68,63,67,47,1,0,20,18,14,0,664,66,232,279,191,23,60.0,1149,14,4,22,4,10,12,7,25,9,0,0,54.3,119,1,3,5,33.3,9.1,2,2,33,2211,1.7,11,14.4,0,433,0
3.2,0.5,53,714,205,19,11,13,3.2,2.5,1.9,601,84.5,51,67,4,9,84.5,9913,2909,219,89.5,270,88.5,102,65.7,9,1,553,48,14,4,197,18,14,5,8,9,19,9,11,5,3,14,35.7,9,205,55,46,86,73,3,0,10,30,14,0,714,67,236,318,208,36,44.4,1627,18,9,9,15,6,17,1,14,9,1,0,45.8,89,1,1,9,100.0,10.0,9,3,51,2953,0.0,10,13.8,0,433,1
1.9,1.0,58,681,160,27,9,17,1.9,1.9,1.9,549,76.9,33,38,9,16,76.9,8309,2694,186,84.4,240,84.6,100,55.0,9,0,494,55,9,4,136,13,9,4,6,16,27,22,16,8,3,16,50.0,8,160,49,37,76,47,2,1,15,36,40,2,681,65,230,324,154,23,56.3,880,8,8,9,13,15,11,0,9,22,0,0,65.0,104,1,2,7,50.0,0.0,7,7,33,1881,0.7,3,13.3,0,4231,1
1.9,0.3,71,798,57,21,3,7,1.9,1.9,1.3,672,85.4,32,89,9,12,85.4,11528,2660,237,91.6,290,88.3,127,72.4,13,1,614,58,12,1,149,26,12,11,13,9,21,14,10,6,5,8,25.0,6,57,24,11,32,14,1,0,6,24,40,0,798,35,168,435,238,41,75.0,1730,21,7,17,12,9,13,1,12,14,0,0,58.3,84,0,0,5,66.7,20.0,7,2,32,3122,0.0,10,12.0,0,433,1
1.0,2.2,63,835,204,13,7,16,1.0,1.0,0.4,703,85.2,35,59,13,19,85.2,10845,3132,293,92.2,288,87.5,99,67.7,12,2,654,49,7,0,81,15,10,6,7,16,13,8,4,6,3,19,26.3,14,204,48,57,114,33,5,0,11,20,38,0,835,85,291,401,197,26,68.4,1539,21,10,13,10,10,10,0,10,8,0,0,51.5,102,3,5,11,60.0,0.0,7,4,35,2708,1.0,10,10.8,0,4231,1
2.6,1.4,66,933,198,19,7,22,2.6,2.6,1.9,807,89.3,27,79,12,14,89.3,13171,3251,338,92.6,345,91.9,109,75.2,8,0,766,41,7,1,201,18,7,6,9,10,19,12,11,8,0,17,41.2,10,198,67,64,92,42,4,0,18,26,19,0,933,86,293,506,192,32,85.7,1839,25,7,14,19,7,11,0,7,12,0,1,45.5,88,2,2,8,100.0,0.0,10,4,27,3479,1.2,7,10.5,0,4231,1
2.5,0.2,61,724,155,19,11,9,2.5,2.5,1.7,610,85.9,53,71,14,18,85.9,10675,2975,210,91.0,281,90.0,105,72.4,11,2,558,52,14,1,111,21,11,7,6,12,19,10,6,10,3,17,35.3,11,155,47,31,87,37,1,0,8,30,12,0,724,51,199,351,230,32,77.8,1700,19,9,13,19,12,17,0,11,10,0,0,51.9,89,1,1,7,100.0,0.0,6,3,53,2987,0.3,5,18.0,0,4231,1
1.1,1.1,53,770,235,24,9,23,1.1,1.1,0.9,660,88.2,33,49,16,21,88.2,10914,2602,249,92.4,298,93.3,100,67.0,8,0,627,33,7,1,125,13,8,2,7,6,24,13,14,9,1,24,58.3,10,235,58,80,120,35,5,0,18,33,21,1,770,109,333,366,120,22,76.2,1399,12,4,8,10,11,10,4,8,13,0,0,25.0,66,2,4,11,50.0,12.5,2,2,33,2655,0.9,8,13.6,0,433,0
2.0,0.8,65,853,127,8,11,16,2.0,2.0,1.4,722,86.1,58,98,29,43,86.1,12212,3337,281,92.5,284,88.7,140,74.3,11,1,663,59,16,1,92,31,23,9,9,16,8,4,6,2,0,12,16.7,10,127,40,40,61,26,1,0,15,19,21,0,853,47,217,448,250,27,67.4,2049,22,5,14,11,3,22,3,23,4,0,0,48.6,101,3,4,5,75.0,16.7,5,0,58,3414,2.0,6,14.0,0,4231,0
2.1,0.7,64,804,202,25,3,12,2.2,2.2,1.7,674,85.8,58,68,18,25,85.8,9931,3291,298,89.9,251,93.2,86,64.0,17,4,631,43,9,0,106,16,13,9,8,18,25,16,11,9,5,18,22.2,14,202,61,60,97,45,5,0,7,28,21,0,804,58,204,411,236,45,72.0,1390,14,10,11,20,19,10,0,13,16,0,0,42.9,107,2,3,4,66.7,16.7,9,4,58,2543,0.8,12,7.8,0,4231,1
0.9,1.7,71,789,105,17,7,9,0.9,0.9,0.8,638,85.1,67,56,26,41,85.1,11571,3533,209,89.5,251,91.2,155,76.8,20,6,581,57,16,1,120,27,20,5,14,12,17,11,13,2,2,13,30.8,9,105,34,42,42,21,3,0,6,24,29,1,789,70,292,348,205,43,63.4,1709,16,4,16,21,10,18,3,20,11,0,0,47.9,105,4,7,6,57.1,0.0,4,0,67,2792,1.9,8,23.3,1,4231,0
1.5,0.8,65,769,151,23,5,17,1.5,1.5,1.2,648,78.7,47,61,3,5,78.7,11029,2813,202,79.2,282,89.7,144,65.3,13,7,599,49,13,0,110,22,24,9,9,22,23,12,8,10,5,7,14.3,6,151,56,44,60,47,5,0,12,28,31,0,769,73,211,386,223,37,60.0,1719,16,7,13,5,9,14,3,24,12,0,0,60.4,131,1,2,6,50.0,0.0,4,0,47,2977,0.8,9,18.7,2,4231,0
1.4,0.4,54,707,197,13,9,20,1.4,0.6,0.4,599,81.5,36,43,15,22,81.5,9824,2922,222,88.3,233,86.7,122,66.4,12,4,560,39,6,2,125,14,13,5,4,16,13,8,6,7,0,18,22.2,14,197,61,67,87,43,4,0,16,22,20,0,707,56,226,321,210,27,68.2,1080,12,3,14,13,12,10,2,13,8,1,0,45.2,110,1,1,4,100.0,16.7,2,4,36,2314,0.3,6,16.2,1,343,1
0.5,0.7,66,887,137,28,11,12,0.5,0.5,0.4,730,80.7,61,72,23,32,80.7,11151,3572,260,88.1,308,84.1,121,68.6,16,0,670,60,10,1,125,24,17,8,7,26,28,20,10,13,5,19,36.8,12,137,51,28,76,33,3,0,9,39,37,0,887,63,240,413,287,33,71.9,1665,20,4,19,26,10,13,1,17,20,0,0,55.9,139,1,3,6,33.3,25.0,4,0,61,3065,1.7,4,25.7,5,343,0
1.5,0.8,58,725,175,24,6,12,1.5,1.5,0.5,614,82.6,35,50,8,13,82.6,10532,2785,211,86.3,247,88.7,125,72.8,9,1,563,51,15,1,121,31,17,3,8,18,24,17,9,13,2,15,53.3,7,175,58,33,98,44,0,0,12,30,21,0,725,59,183,402,191,25,61.5,1273,17,4,8,12,20,16,1,17,17,0,0,44.7,94,1,2,6,50.0,0.0,4,4,35,2555,0.8,5,15.3,1,343,1
1.6,0.9,52,713,201,28,10,18,1.7,1.7,0.7,573,79.6,32,49,10,16,79.6,8606,2785,228,85.5,225,85.8,99,62.6,8,2,526,47,8,2,141,19,12,3,5,16,28,17,12,12,4,16,50.0,8,201,63,66,73,62,7,0,11,38,31,0,713,82,290,307,154,34,62.5,1045,11,11,11,15,17,9,3,12,17,0,0,45.7,111,4,5,7,80.0,12.5,4,1,32,2089,1.4,8,31.0,1,4231,0
2.6,0.4,65,721,108,15,8,13,2.6,1.8,1.7,590,85.1,33,60,8,14,85.1,9840,2776,208,91.8,252,90.1,111,66.7,19,7,537,53,8,0,86,22,22,10,8,10,15,10,7,7,1,16,12.5,14,108,34,41,48,19,4,1,9,23,39,0,721,59,207,337,217,42,57.1,1437,13,9,18,9,8,6,6,22,10,1,0,41.5,83,1,1,4,100.0,0.0,7,6,33,2534,0.1,6,18.0,1,433,1
2.0,0.6,69,810,138,15,8,15,2.0,2.0,1.3,703,83.1,49,111,5,11,83.1,10947,2773,280,87.9,280,86.4,117,71.8,15,2,653,50,9,1,98,19,19,10,15,15,15,8,4,8,3,13,23.1,10,138,41,44,54,40,0,0,15,23,15,0,810,28,145,355,370,38,45.5,2040,36,10,9,11,15,12,2,19,8,0,0,40.5,112,1,2,5,50.0,0.0,4,0,49,3307,0.8,7,7.0,0,433,0
2.8,0.5,60,724,163,23,9,13,2.8,2.0,2.0,601,84.7,43,72,12,23,84.7,9998,2543,234,87.6,242,88.0,112,76.8,19,6,553,48,6,0,113,20,29,18,6,10,23,8,13,9,1,16,50.0,8,163,40,42,76,45,0,0,13,32,24,0,724,46,163,323,275,51,52.2,1431,12,10,7,7,14,8,2,29,8,1,0,62.9,84,0,2,1,0.0,0.0,7,4,43,2527,1.0,4,31.0,1,433,0
0.4,1.6,51,655,213,19,5,18,0.4,0.4,0.3,507,80.5,25,48,8,18,80.5,7830,2418,186,88.7,191,84.8,107,62.6,6,1,446,61,16,1,130,17,11,6,3,10,19,13,10,8,1,8,25.0,6,213,69,62,84,67,6,0,12,24,37,0,655,69,217,332,141,20,44.4,1007,9,4,18,24,14,17,1,11,13,0,0,58.3,100,2,4,7,50.0,0.0,3,3,25,1907,1.1,5,10.0,0,4231,0
1.4,0.8,61,752,179,26,2,14,1.4,1.4,0.8,638,84.2,29,52,7,14,84.2,9984,2744,246,93.1,253,89.3,105,61.9,7,0,590,48,10,1,88,20,12,9,8,19,26,16,9,14,3,16,25.0,12,179,52,56,80,43,2,0,12,28,18,0,752,69,241,360,197,33,50.0,1300,14,8,17,6,14,12,2,12,16,0,0,46.4,105,1,3,6,33.3,0.0,0,0,29,2434,1.5,6,14.4,0,433,0
1.6,0.4,48,718,236,34,8,30,1.6,1.6,1.1,565,83.7,27,40,14,17,83.7,8319,2609,232,92.2,219,90.9,89,51.7,4,0,523,42,13,1,63,14,6,3,4,11,34,21,12,17,5,35,42.9,20,236,75,49,132,55,2,0,28,42,22,0,718,57,195,408,145,21,82.4,859,2,5,13,15,19,17,1,6,21,0,0,35.7,97,3,3,4,66.7,0.0,7,3,27,1939,0.3,3,13.6,2,343,1
1.9,1.9,73,983,148,23,6,15,2.0,2.0,1.3,862,85.7,52,82,11,13,85.7,13851,3793,345,89.0,370,92.2,120,70.8,18,7,810,52,8,0,142,18,22,14,1,26,23,12,9,7,7,26,50.0,13,148,58,39,60,49,4,0,11,29,34,1,983,66,263,443,324,48,84.6,1643,16,5,9,8,7,12,2,22,12,0,0,59.1,108,3,5,5,60.0,0.0,6,2,52,3296,3.0,4,16.0,0,343,0
1.9,0.6,61,773,130,17,8,12,1.9,1.9,1.8,664,87.8,38,43,24,33,87.8,12276,3849,228,90.4,277,94.2,143,73.4,9,2,622,42,10,3,210,21,8,6,5,7,17,11,6,10,1,18,33.3,12,130,45,34,68,28,2,0,10,25,17,0,773,74,276,371,176,26,72.7,1221,14,6,13,10,8,11,0,8,11,0,0,52.8,83,2,2,7,100.0,33.3,11,8,38,2453,0.0,6,11.5,0,433,1
1.3,1.1,73,831,116,9,2,8,1.3,1.3,1.2,749,84.2,61,82,10,13,84.2,12687,3334,265,87.5,334,90.4,134,70.1,17,4,697,52,9,0,112,18,24,10,6,16,9,5,4,3,2,7,28.6,5,116,46,31,54,31,1,0,7,11,22,0,831,55,182,393,304,37,76.9,1741,21,10,4,7,17,10,0,24,5,0,0,52.3,98,3,4,4,75.0,0.0,5,4,61,3030,1.1,7,21.0,1,433,1
3.1,0.5,35,488,171,9,7,16,3.8,3.0,1.3,399,81.5,19,26,8,11,81.5,6591,2165,130,89.2,178,87.1,78,62.8,5,1,369,30,3,0,64,10,10,5,0,10,9,4,8,1,0,20,20.0,16,171,38,78,68,25,3,0,13,16,21,0,488,107,245,191,87,30,72.7,877,8,6,7,7,14,4,3,10,4,0,0,77.3,72,1,2,14,50.0,15.4,6,2,19,1443,0.6,13,11.8,0,433,1
1.6,2.8,70,801,103,20,3,11,1.6,0.9,0.8,695,86.9,42,85,11,18,86.9,11183,3102,272,89.7,304,93.4,95,67.4,16,7,655,40,9,1,100,13,23,3,7,12,20,14,11,6,3,15,60.0,6,103,39,31,47,25,3,0,8,23,20,1,801,56,202,388,278,46,61.1,2156,25,8,10,11,9,10,2,23,14,1,0,42.9,92,1,4,5,25.0,0.0,5,4,42,3795,2.8,4,15.3,0,433,0
2.3,0.4,70,874,78,14,1,13,2.3,1.5,1.1,764,88.6,40,83,7,11,88.6,12737,3188,306,89.5,329,93.0,107,79.4,13,1,729,35,8,1,125,17,15,5,7,11,14,12,6,6,2,14,21.4,11,78,33,18,40,20,1,0,12,15,21,0,874,59,220,471,242,34,63.6,1848,22,6,15,15,13,14,1,15,12,1,0,57.7,104,3,3,4,100.0,0.0,8,6,40,3452,0.6,7,13.7,0,433,1
1.9,1.4,57,709,147,23,11,24,1.9,1.9,1.7,575,82.4,26,49,14,24,82.4,9107,2945,234,88.5,219,87.7,98,68.4,6,1,526,49,12,1,58,20,9,9,8,14,23,10,10,10,3,19,42.1,11,147,46,64,62,21,6,0,18,34,23,0,709,75,241,374,145,23,58.3,1268,15,5,10,13,11,15,0,9,10,0,0,30.6,100,1,4,5,50.0,15.4,6,6,26,2443,1.2,13,8.7,0,433,1
0.9,1.9,75,942,114,9,5,11,0.9,0.9,0.6,851,86.5,46,84,8,13,86.5,14969,3515,260,90.8,422,91.9,154,69.5,13,5,794,57,8,0,94,27,23,6,7,13,9,6,4,5,0,11,27.3,8,114,35,55,24,35,3,0,8,14,26,1,942,67,290,487,241,24,61.5,2175,26,2,12,4,6,9,0,23,6,0,0,50.0,94,1,4,7,25.0,0.0,4,0,46,4048,1.9,7,19.2,1,433,0
2.4,0.0,67,914,166,13,2,15,2.4,2.4,2.0,818,88.3,54,82,11,14,88.3,15025,3794,262,90.1,376,93.4,148,80.4,19,7,781,37,9,1,67,24,19,8,3,15,13,8,4,3,6,15,13.3,13,166,64,26,76,64,2,0,13,15,9,0,914,44,183,489,286,51,78.6,1899,14,12,11,14,12,13,0,19,8,0,0,54.8,106,0,0,2,66.7,0.0,6,2,54,3523,0.0,3,15.0,0,433,1
2.3,1.4,49,713,199,13,9,14,2.6,2.6,1.7,591,82.7,37,49,9,14,82.7,10837,3067,187,91.4,247,85.8,145,70.3,6,2,557,34,8,1,55,22,16,0,4,10,13,4,7,4,2,19,10.5,17,199,51,55,90,54,1,0,13,22,32,0,713,87,294,310,139,17,64.3,1181,10,4,12,13,14,12,3,16,4,0,0,51.4,107,2,7,5,28.6,0.0,5,5,37,2222,2.4,5,19.0,1,343,0
1.3,0.2,63,804,145,33,6,15,1.3,1.3,1.2,655,83.1,39,46,5,12,83.1,10757,3594,226,89.8,272,90.4,130,66.2,7,2,603,52,16,3,79,14,8,3,4,17,33,15,14,15,4,11,18.2,9,145,57,38,76,31,2,0,13,39,27,0,804,72,255,429,162,22,41.7,1101,14,4,14,19,12,18,3,8,15,0,0,51.1,116,1,1,6,100.0,0.0,3,3,39,2105,0.0,2,9.7,0,343,1
1.2,1.4,47,600,170,20,12,18,1.2,0.4,0.4,484,83.1,28,33,9,21,83.1,7964,2415,185,93.0,185,89.7,96,61.5,7,1,442,42,7,2,61,14,5,3,5,14,20,10,10,10,0,20,20.0,16,170,47,71,68,31,4,0,14,32,24,0,600,65,249,256,130,24,42.9,1009,10,5,9,9,13,10,3,5,10,1,0,60.9,73,2,3,9,66.7,0.0,4,6,28,1908,0.2,8,17.0,0,4222,1
1.0,2.6,39,638,115,17,7,21,1.0,0.3,0.2,518,84.7,16,23,15,27,84.7,8486,2385,208,91.8,196,88.8,97,70.1,3,2,488,30,6,1,87,13,3,1,7,13,17,10,12,5,0,15,33.3,10,115,33,61,51,3,6,0,15,24,33,2,638,139,372,244,53,13,55.6,876,5,4,5,9,13,8,1,3,10,1,0,83.3,77,3,5,10,60.0,25.0,2,0,16,1760,1.8,8,12.4,0,433,0
2.2,1.0,75,953,133,18,7,16,2.3,2.3,1.2,837,87.5,66,103,4,8,87.5,13784,3722,324,90.4,388,92.5,106,69.8,13,4,793,44,7,1,100,21,23,9,4,20,18,14,4,11,3,18,44.4,10,133,43,46,48,39,3,0,13,25,17,1,953,48,215,507,304,34,50.0,2334,26,7,10,12,17,8,0,23,14,0,0,66.7,109,0,3,6,0.0,0.0,11,5,66,3718,1.5,8,22.0,2,4231,0
2.5,0.1,69,849,135,16,10,13,2.5,1.0,0.9,736,88.3,35,57,5,10,88.3,13143,3137,236,90.7,349,92.3,127,81.1,8,2,693,43,11,0,68,23,10,8,3,16,16,6,7,7,2,15,33.3,10,135,45,35,62,38,2,0,11,26,18,0,849,69,249,442,207,24,50.0,1564,15,1,12,9,18,13,1,10,6,2,0,63.3,88,0,0,5,66.7,0.0,4,4,35,2880,0.0,7,17.0,1,4231,1
2.0,2.2,53,739,144,15,5,21,2.0,2.0,1.8,612,81.7,37,34,7,15,81.7,9465,2953,237,84.8,261,87.4,92,65.2,15,1,562,50,10,3,126,14,6,6,2,15,15,6,5,8,2,14,50.0,7,144,45,54,57,33,2,0,19,20,20,2,739,82,294,321,161,33,46.7,995,13,3,17,18,11,10,3,6,6,0,0,71.0,114,3,6,8,50.0,18.2,5,6,37,1828,2.8,11,13.6,0,4231,0
0.2,0.7,50,739,146,22,10,26,0.2,0.2,0.1,613,81.6,26,41,9,19,81.6,9459,2423,202,93.1,282,88.3,101,57.4,3,1,575,38,10,0,56,12,11,6,16,23,22,11,12,7,3,18,27.8,13,146,39,45,71,30,6,0,20,32,25,0,739,83,307,340,137,10,47.4,1050,11,4,7,8,7,8,0,11,11,0,0,44.4,105,4,4,4,100.0,0.0,1,0,26,1850,1.2,10,10.0,0,343,0
1.4,0.4,64,821,116,17,6,9,1.4,1.4,0.8,713,87.0,46,50,7,16,87.0,11624,3421,297,91.9,268,92.5,129,65.9,11,3,670,43,9,3,44,29,19,4,1,11,17,12,5,12,0,9,11.1,8,116,41,28,68,20,1,0,8,23,18,0,821,62,237,430,202,27,43.8,1299,17,5,15,14,17,10,4,19,12,0,0,56.7,96,0,0,10,66.7,0.0,9,5,46,2435,0.0,6,20.0,2,433,1
2.7,0.6,69,918,132,22,7,17,2.8,2.8,1.9,789,88.1,47,53,9,15,88.1,14832,3598,248,89.1,363,92.8,157,80.9,10,4,744,45,13,1,107,44,12,6,3,14,22,13,15,6,1,11,54.5,5,132,39,55,45,32,2,0,15,29,22,0,918,62,278,460,229,33,60.0,1636,14,5,14,8,6,18,1,12,13,0,0,46.2,98,2,3,4,66.7,16.7,9,6,47,2795,0.6,6,9.0,0,433,1
1.0,0.2,60,785,116,15,14,10,1.0,1.0,0.8,697,87.1,49,63,7,12,87.1,12435,3261,228,91.2,318,92.8,134,74.6,11,7,669,28,10,0,92,26,23,3,8,13,15,11,10,5,0,16,37.5,10,116,43,43,41,32,1,0,9,29,12,0,785,52,196,426,229,21,58.3,1528,19,5,13,2,22,11,3,23,11,0,0,55.6,91,1,1,3,100.0,25.0,3,0,49,2944,0.0,4,22.5,1,433,0
3.7,1.3,46,587,128,23,26,15,3.8,3.8,2.3,458,76.2,34,58,10,25,76.2,6536,2469,165,83.0,171,84.2,86,60.5,11,2,404,54,13,2,60,7,10,8,13,18,23,14,8,12,3,18,27.8,13,128,44,31,61,36,3,0,12,49,16,0,587,54,174,269,185,35,40.0,1420,21,8,4,15,15,10,1,10,14,0,0,50.0,86,2,3,6,66.7,9.1,10,6,34,2339,0.5,11,15.3,0,433,1
0.9,1.3,71,808,135,19,5,17,0.9,0.9,0.6,702,81.6,53,48,15,19,81.6,10919,3327,245,87.8,307,87.9,116,62.1,6,1,639,63,12,0,91,18,15,6,22,21,19,10,7,11,1,21,38.1,13,135,50,52,52,31,2,0,15,24,15,0,808,55,261,385,222,21,78.9,1606,10,4,15,11,12,11,1,15,10,0,1,47.6,103,3,3,7,100.0,20.0,3,0,53,2856,1.0,5,25.6,2,433,0
1.3,0.5,54,652,159,16,12,13,1.3,1.3,0.7,538,82.5,34,67,10,18,82.5,8774,2670,214,85.5,217,86.6,93,73.1,10,4,493,45,12,0,56,29,24,6,14,11,16,8,7,7,2,17,17.6,14,159,43,43,75,41,3,0,10,28,24,0,652,63,173,312,218,29,55.6,1618,21,3,12,8,16,16,0,24,8,0,0,31.6,91,2,4,7,50.0,10.0,3,2,34,2540,1.1,10,9.8,0,433,0
2.1,0.5,53,686,100,17,10,22,2.2,2.2,1.2,556,83.8,31,46,8,20,83.8,9401,2738,187,92.5,243,89.7,110,63.6,9,1,510,46,10,0,59,12,12,5,8,9,17,10,9,6,2,13,30.8,9,100,25,34,49,17,3,0,19,27,36,1,686,82,239,331,159,24,40.0,1159,14,3,11,7,14,7,0,12,10,0,0,44.7,77,0,0,8,66.7,0.0,7,4,31,2327,0.0,14,11.3,0,433,1
2.3,2.1,59,656,151,13,18,21,2.3,1.5,1.2,521,81.6,41,61,13,21,81.6,8805,2814,189,89.9,204,86.3,114,64.9,11,2,478,43,12,0,89,22,23,9,7,9,13,8,7,5,1,14,50.0,7,151,50,41,67,43,5,0,16,31,22,0,656,68,218,291,198,38,61.9,1293,23,9,16,10,15,16,1,23,8,1,1,65.4,97,4,6,7,66.7,0.0,2,2,41,2164,3.5,8,15.3,1,433,0
1.4,0.8,63,708,138,19,10,13,1.4,1.4,0.7,597,81.1,39,62,7,16,81.1,9200,2755,226,87.2,252,84.5,98,62.2,11,3,549,48,4,0,24,21,20,11,9,13,19,14,11,5,3,17,29.4,12,138,50,44,64,30,3,0,10,29,20,0,708,80,268,288,200,32,43.8,1373,16,7,12,16,21,5,1,20,14,0,0,47.2,100,1,2,6,50.0,0.0,5,2,39,2562,0.5,10,16.3,1,433,0
0.8,2.4,54,756,103,10,9,20,0.8,0.8,0.7,670,88.8,34,74,12,16,88.8,11457,3255,281,92.5,258,91.9,114,78.1,6,2,627,43,10,0,56,22,13,5,8,12,10,8,2,5,3,12,41.7,7,103,26,21,51,31,4,0,16,19,7,0,756,61,203,400,186,25,75.0,1283,13,8,14,11,14,11,2,13,8,0,0,38.1,69,3,6,8,50.0,0.0,2,2,34,2352,2.4,4,8.8,0,433,0
1.5,0.8,68,915,164,13,10,16,1.5,1.5,1.1,794,86.4,44,82,9,14,86.4,13397,3315,260,92.7,345,93.0,149,69.1,11,2,741,53,12,2,55,21,22,12,6,13,13,9,5,6,2,15,40.0,9,164,56,52,75,37,3,1,13,23,19,1,915,79,225,449,278,42,64.3,1577,17,9,17,15,13,13,3,22,9,0,0,38.7,93,2,2,6,100.0,20.0,6,2,44,2725,0.0,5,19.5,1,433,1
0.8,1.2,63,767,133,29,10,12,0.8,0.8,0.7,654,87.5,35,55,9,18,87.5,11658,2998,232,91.8,285,93.7,120,75.0,11,3,614,40,7,0,52,27,13,3,8,16,29,22,19,10,0,17,52.9,8,133,48,52,52,29,0,0,12,39,20,0,767,83,276,370,174,18,50.0,1539,16,3,10,12,20,12,3,13,22,0,0,47.6,69,4,6,5,66.7,16.7,5,0,35,2870,2.1,6,17.0,0,433,0
0.8,0.4,78,1022,103,15,8,7,0.8,0.8,0.7,944,90.3,53,123,7,14,90.3,15629,3932,376,92.0,445,94.6,112,72.3,9,2,901,43,6,0,53,21,21,12,11,17,15,9,4,8,3,12,33.3,8,103,29,22,47,34,0,0,7,23,13,0,1022,31,99,637,338,34,50.0,2100,26,7,6,5,15,11,2,21,9,0,0,51.9,73,0,0,7,66.7,0.0,5,0,53,3534,0.0,3,19.8,2,4231,0
1.3,0.2,71,855,133,15,8,7,1.3,1.3,1.2,752,87.4,65,93,11,14,87.4,11742,3371,320,93.1,311,91.0,102,66.7,20,2,711,41,11,0,45,15,15,4,13,11,15,9,5,6,4,6,0.0,6,133,54,33,61,39,0,0,7,23,21,0,855,61,244,416,254,52,78.6,2034,21,14,12,12,9,10,2,15,9,0,0,33.3,89,0,0,4,66.7,0.0,8,4,65,3337,0.0,6,14.8,0,343,1
2.2,0.3,58,766,166,13,8,15,2.2,1.4,1.3,660,86.7,43,56,12,20,86.7,10500,2965,268,92.9,274,89.8,98,67.3,16,2,618,42,18,3,41,12,12,7,7,6,13,7,6,6,1,9,11.1,8,166,38,42,78,46,1,0,14,21,24,0,766,56,202,380,236,43,60.0,1447,20,8,7,8,18,22,3,12,7,1,0,62.5,71,2,2,5,100.0,0.0,1,1,43,2588,0.4,9,11.8,1,343,1
1.4,0.4,68,890,117,23,17,10,1.4,0.7,0.7,766,87.9,58,51,7,12,87.9,12543,3738,304,93.8,317,91.8,108,77.8,16,2,722,44,8,1,78,14,11,8,19,20,23,14,12,8,3,17,35.3,11,117,43,46,48,23,2,0,8,40,39,0,890,93,303,419,224,27,58.3,1585,21,2,16,15,10,13,2,11,14,1,0,56.8,68,3,3,6,66.7,25.0,1,4,58,2788,0.5,8,18.0,0,3412,1
2.0,0.7,65,709,113,18,9,11,2.0,2.0,1.3,598,85.8,40,61,7,9,85.8,9240,3146,279,90.0,204,91.2,97,69.1,10,2,550,48,15,1,30,13,11,10,8,15,18,12,9,7,2,15,40.0,9,113,37,44,44,25,2,0,9,27,18,0,709,61,221,354,183,36,77.8,1428,18,11,10,16,10,14,0,11,12,0,0,67.6,80,4,4,6,100.0,0.0,5,2,40,2145,0.5,6,19.0,0,343,1
1.2,0.5,70,865,118,21,9,12,1.2,0.5,0.4,755,86.0,54,53,16,23,86.0,12465,3534,278,85.6,355,93.0,99,72.7,10,2,710,45,8,0,81,9,9,6,24,19,21,14,6,9,6,18,61.1,7,118,48,24,58,36,1,0,11,30,16,0,865,73,257,471,184,27,69.6,1463,11,9,19,11,10,17,4,9,14,1,0,65.0,103,0,1,5,0.0,0.0,2,2,54,2660,0.8,1,19.0,1,343,0
1.1,0.5,57,763,113,30,17,19,1.1,1.1,1.0,627,87.7,27,53,13,18,87.7,10084,2538,239,92.9,282,94.3,89,61.8,1,1,585,42,15,0,76,14,11,3,6,10,30,16,15,15,0,13,38.5,8,113,34,43,51,19,5,0,14,47,20,0,763,93,287,350,168,11,72.2,1157,13,6,10,8,17,14,1,11,16,0,0,46.2,69,4,4,5,100.0,0.0,6,0,27,2306,0.1,6,9.8,0,343,0
1.0,0.3,45,688,215,25,16,17,1.0,1.0,0.9,560,83.9,28,36,5,10,83.9,8339,2764,231,91.3,222,91.9,89,49.4,10,0,524,36,9,3,35,10,8,2,9,10,25,15,17,5,3,17,35.3,11,215,50,79,104,32,2,0,15,41,38,0,688,102,344,279,101,18,50.0,1097,13,5,8,9,11,9,4,8,15,0,0,55.0,67,1,1,8,100.0,0.0,5,2,28,1935,0.0,10,14.1,2,343,1
2.9,0.3,65,841,147,14,21,10,3.0,2.2,1.8,733,89.4,39,69,12,16,89.4,11543,3487,326,95.4,312,92.3,81,64.2,8,2,689,44,10,2,92,8,6,7,13,8,14,5,3,8,3,19,31.6,13,147,47,36,73,38,2,0,8,35,14,0,841,72,267,468,175,23,75.0,1748,26,6,10,9,15,21,1,6,5,1,0,50.0,55,1,1,6,100.0,16.7,8,3,39,3148,0.1,6,14.5,0,343,1
1.4,0.4,62,745,126,19,11,21,1.4,1.4,1.4,622,82.8,37,59,13,25,82.8,9126,2908,267,89.1,232,90.1,95,61.1,12,2,571,51,21,2,75,11,10,5,21,16,19,13,5,8,6,18,38.9,11,126,58,34,53,39,3,0,18,30,19,0,745,79,227,343,228,29,52.0,1606,25,7,16,5,7,17,3,10,13,0,0,42.9,99,3,4,4,100.0,0.0,8,0,37,2759,0.7,7,17.9,1,4231,0
2.4,1.9,63,716,148,21,16,12,2.4,2.4,1.8,591,86.0,42,65,15,23,86.0,9425,2823,228,90.4,257,92.6,89,62.9,15,0,540,51,8,5,81,12,12,10,16,10,21,14,7,7,7,27,37.0,17,148,45,41,69,38,3,0,9,37,32,1,716,78,224,335,214,33,65.2,1625,18,4,11,15,11,8,1,12,14,0,0,56.7,68,2,7,5,28.6,0.0,7,3,42,2650,3.6,4,9.6,0,343,0
2.5,0.1,64,931,233,22,18,14,2.5,2.5,2.1,799,90.0,53,77,12,24,90.0,12157,3580,405,94.6,294,89.8,85,72.9,16,2,760,39,8,2,92,19,14,8,22,5,22,11,5,11,6,13,46.2,7,233,75,59,97,77,0,0,14,40,28,0,931,45,215,493,284,45,50.0,1604,21,8,12,7,14,10,2,14,11,0,0,34.8,77,0,1,4,0.0,0.0,9,6,53,3168,0.8,3,18.0,0,343,1
1.0,0.7,64,886,202,10,20,15,1.0,1.0,0.5,768,89.3,31,56,16,27,89.3,12691,3132,279,92.5,386,94.3,87,67.8,7,1,732,36,9,1,145,8,9,0,19,12,10,5,4,3,3,11,36.4,7,202,60,66,77,59,5,0,10,30,12,2,886,93,315,472,180,17,59.3,1958,26,3,19,14,11,15,3,9,5,0,0,40.0,82,2,2,7,100.0,25.0,4,0,31,3170,0.3,4,18.4,2,343,0
2.2,0.4,55,738,205,22,17,21,2.2,2.2,1.8,588,84.7,36,56,8,14,84.7,8900,2700,246,89.8,252,90.1,78,62.8,8,2,549,39,10,0,67,8,11,2,10,13,22,13,12,6,4,14,50.0,7,205,71,80,82,43,4,0,17,39,31,0,738,66,255,324,199,33,57.1,1298,18,11,17,15,14,9,3,11,13,0,0,53.2,88,2,2,5,100.0,11.1,6,2,36,2439,0.1,9,16.5,1,343,1
1.9,0.3,48,640,156,17,16,17,2.0,2.0,1.6,511,85.1,25,44,11,20,85.1,8567,2458,185,90.3,223,89.7,87,70.1,9,0,478,33,8,3,88,11,4,1,13,8,17,10,7,8,2,25,20.0,20,156,35,43,90,23,4,0,13,33,28,0,640,89,219,320,140,26,55.0,1105,21,5,11,17,19,11,7,4,10,0,0,54.2,82,3,3,8,100.0,10.0,5,4,25,1976,0.2,10,10.4,0,352,1
0.8,2.2,51,680,153,13,12,14,0.8,0.8,0.6,584,88.7,26,41,7,14,88.7,9255,2683,256,93.0,244,94.3,70,65.7,7,0,544,40,12,1,81,10,12,2,7,11,13,13,6,7,0,14,28.6,10,153,24,45,76,32,4,0,10,25,14,2,680,81,257,331,136,24,50.0,1318,18,12,6,13,12,15,5,12,13,0,1,68.8,61,2,3,9,66.7,0.0,5,4,26,2538,2.1,2,17.0,1,343,1
2.1,0.8,67,891,124,10,11,18,2.1,2.1,1.0,794,88.3,33,88,15,18,88.3,12391,2942,344,94.5,313,90.7,111,70.3,17,5,752,42,8,0,79,15,22,9,11,14,10,7,4,4,2,14,57.1,6,124,37,30,48,46,3,0,15,21,16,1,891,65,220,378,359,55,83.3,2071,28,11,7,12,8,6,4,22,7,0,0,57.1,86,1,2,4,50.0,0.0,4,0,33,3393,1.1,3,24.1,3,343,0
2.8,0.9,58,704,136,17,9,15,2.8,2.0,1.1,573,85.5,34,41,8,16,85.5,8892,2791,214,90.7,256,91.4,81,61.7,4,0,518,55,15,0,69,11,13,6,5,12,17,11,6,9,2,12,41.7,7,136,40,40,74,22,1,0,14,26,35,0,704,58,237,341,165,29,50.0,1154,15,7,10,14,15,15,1,13,11,1,0,54.8,77,2,3,7,66.7,0.0,5,2,34,2397,0.4,6,8.5,0,343,1
0.9,0.3,62,794,180,21,25,7,0.9,0.9,0.3,705,90.4,44,75,8,14,90.4,11732,2936,296,94.6,280,92.9,99,78.8,18,3,669,36,8,2,63,18,16,5,12,10,21,10,3,10,8,20,50.0,10,180,53,37,83,60,1,0,6,46,8,0,794,37,152,402,288,32,57.1,1368,18,1,9,6,16,17,0,16,10,0,0,33.3,53,1,1,4,100.0,0.0,6,6,44,2860,0.1,3,21.0,0,343,1
2.9,0.3,65,787,137,15,14,11,2.9,2.9,2.7,676,88.3,50,46,7,15,88.3,10281,3274,290,93.4,277,92.8,83,63.9,19,4,627,49,15,7,102,9,14,8,13,13,15,10,10,2,3,15,40.0,9,137,48,50,58,29,1,0,10,29,19,0,787,104,315,311,217,45,46.7,1119,21,9,6,10,6,14,0,14,10,0,0,62.5,64,3,3,4,100.0,0.0,5,4,50,2181,0.0,4,16.3,1,343,1
0.8,2.6,35,554,117,25,20,25,0.8,0.8,0.8,389,73.5,14,19,3,6,73.5,5243,2130,158,84.2,133,81.2,80,47.5,3,0,337,52,13,1,43,7,6,3,10,12,25,13,22,3,0,12,58.3,5,117,35,68,39,10,6,1,19,45,44,0,554,129,308,186,78,15,50.0,623,5,4,13,13,6,13,2,6,13,0,0,42.3,82,6,6,14,100.0,9.5,2,2,14,1263,1.1,21,14.0,2,343,0
1.1,1.5,57,635,123,13,11,19,1.1,1.1,0.7,509,81.7,28,38,9,16,81.7,7640,2455,197,90.4,201,85.6,90,58.9,4,0,468,41,12,1,71,5,11,4,24,8,13,10,7,5,1,22,22.7,17,123,33,50,50,23,9,0,10,24,33,1,635,109,251,308,113,18,56.3,1289,13,6,13,8,13,11,2,11,10,0,0,60.0,87,6,6,9,100.0,7.1,4,4,28,2078,0.8,14,13.3,0,343,1
1.9,0.7,53,701,135,23,23,16,2.0,2.0,1.7,556,84.9,35,47,10,19,84.9,9280,3029,201,88.1,246,89.4,89,74.2,11,2,520,36,4,4,88,14,17,11,15,14,23,17,5,12,6,11,27.3,8,135,45,32,73,30,3,0,13,46,25,0,701,69,208,321,201,43,52.6,1006,10,7,10,16,18,7,1,17,17,0,0,55.9,92,2,2,4,100.0,12.5,9,5,35,1831,0.3,8,18.8,1,343,1
0.3,1.7,40,547,181,15,13,22,0.3,0.3,0.3,431,80.3,16,35,10,16,80.3,7020,2493,140,88.6,193,88.1,86,58.1,6,1,386,45,13,1,53,10,13,4,10,10,15,7,9,6,0,18,33.3,12,181,39,75,70,36,7,1,15,28,24,0,547,105,293,213,71,11,62.5,948,6,4,10,14,17,12,3,13,7,0,0,56.7,69,2,3,13,66.7,11.1,0,0,16,1754,0.9,9,9.8,0,352,0
3.6,1.3,62,722,145,22,6,18,3.8,3.8,3.0,592,84.8,47,53,22,32,84.8,9595,3168,231,89.2,257,87.9,88,77.3,14,1,535,57,13,0,127,7,12,7,20,16,22,13,9,11,2,26,38.5,16,145,45,38,73,34,3,0,15,28,22,0,722,55,236,362,166,34,68.8,1374,18,5,10,14,11,21,1,12,13,0,1,72.7,87,1,1,4,100.0,0.0,9,4,47,2357,1.1,1,10.0,0,343,1
0.3,1.6,56,716,119,15,13,18,0.3,0.3,0.0,575,82.1,28,55,10,14,82.1,8523,2409,230,91.7,231,87.4,96,55.2,7,0,545,30,12,0,56,6,8,5,15,12,15,7,10,4,1,12,25.0,9,119,41,50,38,31,8,1,10,28,47,0,716,84,248,319,197,20,71.4,1318,20,7,8,12,8,16,4,8,7,0,0,43.8,92,4,5,1,100.0,0.0,1,2,28,2332,1.7,18,10.8,0,352,1
3.2,0.2,63,763,191,24,15,15,3.4,2.6,2.4,648,90.0,47,77,9,14,90.0,10000,3047,288,96.9,269,91.4,74,66.2,9,0,607,41,14,4,89,8,8,5,12,7,24,16,9,11,4,20,25.0,15,191,67,36,77,78,2,0,13,39,9,1,763,36,167,390,263,25,64.3,1679,28,9,12,13,16,18,1,8,16,0,0,57.1,59,1,1,6,100.0,50.0,12,10,47,2887,0.1,2,15.0,0,343,1
2.1,0.3,77,876,113,12,8,9,2.2,1.5,0.7,779,89.5,54,95,9,13,89.5,11986,3123,336,95.2,339,90.6,74,71.6,18,1,746,33,13,1,79,9,14,2,14,9,12,6,5,6,1,12,25.0,9,113,31,40,39,34,2,0,7,20,19,0,876,37,161,387,391,42,69.2,1788,31,8,11,5,13,16,4,14,6,1,0,50.0,86,1,1,2,100.0,0.0,5,3,54,3234,0.0,6,6.0,0,343,1
2.2,1.0,68,802,100,8,4,17,2.3,2.3,1.9,690,86.4,66,68,10,15,86.4,10829,3585,275,92.7,291,89.0,95,73.7,26,2,634,56,13,0,136,14,16,14,16,15,8,5,5,2,1,4,50.0,2,100,34,42,42,16,2,0,15,12,17,0,802,44,233,353,275,54,66.7,1674,20,9,18,15,6,12,1,16,5,0,0,60.8,96,1,2,6,50.0,20.0,4,2,66,2910,1.2,5,33.0,1,3412,0
2.4,0.4,61,767,142,23,19,16,2.4,2.4,2.1,629,86.0,37,39,11,17,86.0,10171,3407,254,92.9,250,89.2,103,73.8,9,2,580,49,16,3,65,9,7,5,17,15,23,11,7,13,3,17,35.3,11,142,49,28,69,45,1,0,15,42,16,0,767,51,217,433,164,20,64.7,1193,20,4,17,20,8,18,4,7,11,0,0,44.8,82,3,3,4,100.0,0.0,7,6,37,2363,0.2,3,12.0,0,343,1
2.9,0.7,65,759,124,18,19,5,2.9,2.2,1.7,635,83.8,50,72,12,21,83.8,10170,2953,226,88.9,276,89.5,109,67.9,10,1,585,50,14,0,70,18,18,15,20,8,18,13,6,6,6,15,40.0,9,124,52,13,71,40,0,0,5,37,11,2,759,41,193,373,250,49,57.1,1460,17,11,11,20,14,15,2,18,13,1,0,45.8,112,1,2,2,50.0,0.0,5,1,50,2466,1.5,3,13.0,0,343,0
1.3,1.0,49,576,134,13,12,20,1.4,1.4,1.2,441,70.7,23,25,11,15,70.7,6023,2472,167,80.8,159,76.7,85,51.8,6,2,395,46,22,1,67,8,10,0,18,14,13,10,9,4,0,14,42.9,8,134,42,67,46,21,5,0,15,25,40,0,576,84,264,234,97,18,73.3,633,4,3,20,8,19,25,5,10,10,0,0,60.3,116,5,6,4,83.3,17.6,4,4,23,1105,1.3,17,14.7,0,343,1
1.2,1.8,63,711,150,7,12,15,1.2,1.2,0.8,623,83.5,50,77,11,14,83.5,9379,2718,255,89.4,249,88.4,89,65.2,18,2,574,49,13,0,115,17,20,9,14,15,7,4,1,5,1,7,14.3,6,150,45,43,62,45,1,1,14,19,12,1,711,49,150,326,274,53,78.6,1366,23,17,7,8,11,10,1,20,4,0,1,41.9,77,1,3,8,33.3,14.3,7,3,50,2327,1.3,7,6.4,0,343,0
2.8,1.4,57,587,169,20,14,23,2.8,1.3,1.0,457,82.5,42,57,10,16,82.5,7327,2510,168,89.9,198,87.4,74,63.5,9,1,401,56,15,2,77,8,9,5,14,8,20,12,7,10,3,16,43.8,9,169,49,51,58,60,6,0,17,34,16,0,587,61,163,278,188,23,62.5,1263,20,2,13,22,11,18,1,9,12,2,1,57.1,68,3,4,2,75.0,0.0,4,6,42,2225,1.1,5,12.2,1,343,1
2.7,0.4,79,940,119,14,7,11,2.7,2.7,2.5,824,89.6,58,84,8,16,89.6,12896,3556,354,93.8,363,92.8,79,69.6,14,3,771,53,10,3,93,11,17,7,16,12,14,11,4,6,4,14,21.4,11,119,46,29,56,34,1,0,10,21,14,0,940,46,203,518,288,36,50.0,2031,21,6,20,12,11,12,0,17,11,0,0,56.1,94,2,3,3,66.7,0.0,10,2,58,3491,1.1,2,18.1,2,343,0
0.8,0.3,63,894,115,22,22,14,0.9,0.9,0.8,779,85.4,53,81,17,26,85.4,11908,3111,334,91.0,319,89.7,102,66.7,10,1,735,44,11,3,86,16,18,9,23,16,22,12,7,8,7,15,66.7,5,115,31,32,49,34,2,0,12,44,17,0,894,55,162,484,290,26,65.4,1469,22,5,6,12,10,12,4,18,12,0,0,63.6,91,1,1,1,100.0,0.0,1,0,53,3031,0.4,8,19.5,1,343,0
2.8,0.6,58,755,151,19,21,15,2.9,1.4,1.3,649,86.7,52,51,6,12,86.7,11345,3110,214,88.3,304,93.4,112,74.1,20,3,610,39,7,1,115,18,12,5,27,12,19,11,7,8,4,12,58.3,5,151,36,31,77,43,5,0,10,40,18,0,755,55,206,341,256,34,50.0,1205,18,6,6,9,15,11,2,12,11,2,0,57.9,64,1,1,2,0.0,12.5,2,6,52,2339,0.0,8,14.8,2,343,1
1.1,0.9,49,600,168,20,20,13,1.1,1.1,0.4,472,77.3,35,36,5,11,77.3,6938,2703,201,85.6,153,87.6,97,52.6,6,1,426,46,7,0,137,11,7,10,23,19,20,11,10,9,1,14,14.3,12,168,51,57,65,46,4,0,9,40,19,0,600,71,197,267,178,29,45.5,907,14,7,13,17,16,10,1,7,11,0,0,54.5,92,5,6,10,83.3,13.3,5,2,35,1743,1.1,15,13.8,0,343,0
1.3,1.4,55,737,164,17,22,16,1.3,1.3,1.0,591,80.9,41,43,11,20,80.9,9535,2868,230,85.2,236,86.9,117,62.4,9,2,553,38,14,1,73,17,11,6,22,10,17,12,7,9,1,13,38.5,8,164,55,47,73,44,2,0,14,39,37,1,737,62,225,337,200,32,55.0,982,6,11,13,6,9,15,3,11,12,0,0,30.0,101,3,5,2,60.0,14.3,6,3,41,1884,1.2,7,22.8,4,343,0
0.5,0.7,44,596,225,26,20,15,0.6,0.6,0.5,491,82.1,16,30,7,12,82.1,6952,1990,209,92.3,192,89.6,75,45.3,2,2,453,38,14,1,53,9,7,1,11,11,26,20,12,11,3,20,35.0,13,225,62,87,111,27,2,0,13,46,17,1,596,94,280,272,79,7,58.3,926,9,3,11,6,11,14,4,7,20,0,0,24.0,59,5,6,8,83.3,0.0,1,0,16,1861,1.1,4,18.3,3,343,0
0.7,0.6,56,740,138,14,19,15,0.7,0.7,0.5,617,85.1,42,48,5,14,85.1,10095,3089,237,89.9,277,88.8,91,65.9,11,1,577,40,7,1,69,13,14,7,24,10,14,7,8,5,1,12,50.0,6,138,29,59,50,29,6,0,9,33,27,0,740,91,294,274,223,27,35.7,1381,17,9,9,9,9,8,0,14,7,0,0,61.5,86,1,2,5,50.0,0.0,3,2,42,2463,0.9,16,14.2,1,4222,0
0.9,0.4,65,731,139,12,20,11,0.9,0.9,0.9,638,85.3,46,53,4,9,85.3,10509,3293,211,91.9,279,92.1,110,68.2,10,4,590,48,15,1,58,18,20,10,14,17,12,8,2,10,0,12,16.7,10,139,47,25,76,38,1,0,10,32,8,0,731,50,219,385,176,29,44.4,1390,10,10,7,13,18,14,0,20,8,0,0,44.4,68,3,3,4,100.0,0.0,7,4,46,2557,0.9,3,12.0,0,4141,1
